CHECKED,style_old,style,title,abbr,Publisher,note
,JOURNAL,ARTICLE,ACM Applied Computing Review,ACM ACR,,
,JOURNAL,ARTICLE,ACM SIGMOD Record,,,
,JOURNAL,ARTICLE,ACM Transactions on Asian and Low-Resource Language Information Processing,,,
,JOURNAL,ARTICLE,ACM Transactions on Embedded Computing Systems,,,
,JOURNAL,ARTICLE,ACM Transactions on Information Systems,,,
,JOURNAL,ARTICLE,ACM Transactions on Internet Technology,ACM TOIT,,
,JOURNAL,ARTICLE,"ACM Transactions on Multimedia Computing, Communications, and Applications",,,
,JOURNAL,ARTICLE,ACM Transactions on Spatial Algorithms and Systems,,,
,JOURNAL,ARTICLE,ACM-Kluwer Journal on Mobile Networks and Applications,MONET,,
,JOURNAL,ARTICLE,ACM/Springer Personal and Ubiquitous Computing,ACM/Springer PUC,,
,JOURNAL,ARTICLE,Ad Hoc Networks,,,
,JOURNAL,ARTICLE,Data & Knowledge Engineering,,,
,JOURNAL,ARTICLE,DBSJ Journal,,,
,JOURNAL,ARTICLE,Distributed and Parallel Databases,,,
,JOURNAL,ARTICLE,Future Generation Computer Systems,,Elsevier,
,JOURNAL,ARTICLE,IEEE Access,,,
,JOURNAL,ARTICLE,IEEE COMSOC MMTC E-Letter,,,
,JOURNAL,ARTICLE,IEEE Journal of Selected Topics in Signal Processing,,,
,JOURNAL,ARTICLE,IEEE Sensors Journal,,,
,JOURNAL,ARTICLE,IEEE Transaction on Consumer Electronics,,,
,JOURNAL,ARTICLE,IEEE Transactions on Broadcasting,,,
,JOURNAL,ARTICLE,IEEE Transactions on Communications,,,
,JOURNAL,ARTICLE,IEEE Transactions on Data and Knowledge Engineering,,,
,JOURNAL,ARTICLE,IEEE Transactions on Emerging Topics in Computing,,,
,JOURNAL,ARTICLE,IEEE Transactions on Industrial Electronics,,,
,JOURNAL,ARTICLE,IEEE Transactions on Knowledge and Data Engineering,,,
,JOURNAL,ARTICLE,IEEE Transactions on Mobile Computing,,,
,JOURNAL,ARTICLE,IEEE Transactions on Nanobioscience,,,
,JOURNAL,ARTICLE,IEEE Transactions on Services Computing,,,
,JOURNAL,ARTICLE,IEICE Transactions on Communications,,,
,JOURNAL,ARTICLE,IEICE Transactions on Information and Systems,,,
,JOURNAL,ARTICLE,IIE Transactions,,,
,JOURNAL,ARTICLE,In ACM/Springer Journal on Mobile Networks and Applications,MONET,,
,JOURNAL,ARTICLE,INFORMATION Journal,,,
,JOURNAL,ARTICLE,Information Systems and Operational Research,INFOR,,
,JOURNAL,ARTICLE,Internatioinal Journal of Informatics Society,,,
,JOURNAL,ARTICLE,International Jornal of Web and Grid Services,IJWGS,,
,JOURNAL,ARTICLE,International Journal of Ad Hoc and Ubiquitous Computing,IJAHUC,,
,JOURNAL,ARTICLE,International Journal of Advanced Computer Science,,,
,JOURNAL,ARTICLE,International Journal of Advanced Media and Communication,IJAMC,,
,JOURNAL,ARTICLE,International Journal of Communication Systems,,,
,JOURNAL,ARTICLE,International Journal of Computer Systems Science and Engineering,,,
,JOURNAL,ARTICLE,International Journal of Computing and Informatics,Informatica,,
,JOURNAL,ARTICLE,International Journal of Grid and Utility Computing,,,
,JOURNAL,ARTICLE,International Journal of Handheld Computing Research,IJHCR,,
,JOURNAL,ARTICLE,International Journal of Informatics Society,IJIS,,
,JOURNAL,ARTICLE,International Journal of Information Technology,IJIT,,
,JOURNAL,ARTICLE,International Journal of Multimedia Intelligence and Security,,,
,JOURNAL,ARTICLE,International Journal of Next-Generation Computing,,,
,JOURNAL,ARTICLE,International Journal of Personal and Ubiquitous Computing,,,
,JOURNAL,ARTICLE,International Journal of Pervasive Computing and Communications,IJPCC,,
,JOURNAL,ARTICLE,International Journal of Research and Innovation (Advances in Information Sciences and Service Sciences),,,
,JOURNAL,ARTICLE,International Journal of Smart Home,IJSH,,
,JOURNAL,ARTICLE,International Journal of Space-Based and Situated Computing,IJSSC,,
,JOURNAL,ARTICLE,International Journal of Web Information Systems,IJWIS,,
,JOURNAL,ARTICLE,International Journal of Web Information Systems,,,
,JOURNAL,ARTICLE,International Journal on Mobile Information Systems,,,
,JOURNAL,ARTICLE,IPSJ Journal,,,
,JOURNAL,ARTICLE,Journal of Ambient Intelligence and Humanized Computing,,,
,JOURNAL,ARTICLE,Journal of Ambient Intelligent and Humanized Computing,,,
,JOURNAL,ARTICLE,Journal of Communications,,,
,JOURNAL,ARTICLE,Journal of Information Processing,JIP,,
,JOURNAL,ARTICLE,Journal of Interconnection Network,JOIN,,
,JOURNAL,ARTICLE,Journal of Internet Technology,,,
,JOURNAL,ARTICLE,Journal of Mobile Multimedia,,,
,JOURNAL,ARTICLE,Journal of Network and Computer Applications,,Elsevier,
,JOURNAL,ARTICLE,Journal of Network and Computer Applications,,,
,JOURNAL,ARTICLE,Journal of Networking Technology,,,
,JOURNAL,ARTICLE,"Journal of Networks, Special issue on Recent Network Technologies and its Advanced Applications",,,
,JOURNAL,ARTICLE,Journal of Sensors,,,
,JOURNAL,ARTICLE,Journal of Systems and Software,,,
,JOURNAL,ARTICLE,Journal of Systems Integration,,,
,JOURNAL,ARTICLE,Journal of Telecommunication Systems,JTS,,
,JOURNAL,ARTICLE,Journal of Universal Computer Science,,,
,JOURNAL,ARTICLE,"Knowledge Building and Knowledge Sharing, Ohmsha and IOS Press",,,
,JOURNAL,ARTICLE,KSII Transactions on Internet and Information Systems,,,
,JOURNAL,ARTICLE,Mobile Computing,,,
,JOURNAL,ARTICLE,Mobile Information Systems,,,
,JOURNAL,ARTICLE,Mobile Information Systems Journal,,,
,JOURNAL,ARTICLE,"Morgan Kaufmann Publishers, Inc.",,,
,JOURNAL,ARTICLE,Nano Communication Networks,,,
,JOURNAL,ARTICLE,New Generation Computing,,,
,JOURNAL,ARTICLE,Personal and Ubiquitous Computing,,,
,JOURNAL,ARTICLE,Pervasive and Mobile,,Elsevier,
,JOURNAL,ARTICLE,Proceedings of International Conference on Advances in Computer Entertainment Technology,ACE,,
,JOURNAL,ARTICLE,Proceedings of the 6th Annual Interanational Conference on Mobile Computing and Networking,MobiCom,,
,JOURNAL,ARTICLE,"Proceedings of the ACM on Interactive, Mobile, Wearable and Ubiquitous Technologies",IMWUT,,
,JOURNAL,ARTICLE,Proceedings of the Japan Academy,,,
,JOURNAL,ARTICLE,Rangsit Journal of Information Technology,,,
,JOURNAL,ARTICLE,Security and Communication Networks,,,
,JOURNAL,ARTICLE,Sensors,,,
,JOURNAL,ARTICLE,Soft Computing,,,
,JOURNAL,ARTICLE,Springer Computing,,,
,JOURNAL,ARTICLE,Springer Universal Access in the Information Society,,,
,JOURNAL,ARTICLE,Telecommunication Systems,,,
,JOURNAL,ARTICLE,The Computer Journal,,In Oxford,
,JOURNAL,ARTICLE,The Scientific World Journal,,,
,JOURNAL,ARTICLE,"Topical Journal on Mobility of Systems, Users, Data and Computing",,,
,JOURNAL,ARTICLE,Transactions on Emerging Telecommunications Technologies,,,
,JOURNAL,ARTICLE,Wireless Communications and Mobile Computing,,,
,JOURNAL,ARTICLE,World Wide Web,,,
,JOURNAL,ARTICLE,"Worldwide Computing and Its Applications, Lecture Notes in Computer Science 1274",,,
,JOURNAL,ARTICLE,オブジェクト指向コンピューティングIII(論文選集),,,
,JOURNAL,ARTICLE,コンピュータソフトウェア(日本ソフトウェア科学会論文誌),,,
,JOURNAL,ARTICLE,コンピュータソフトウェア(日本ソフトウェア科学会論文誌)インタラクティブソフトウェア特集,,,
,JOURNAL,ARTICLE,システム制御情報学会誌,,,
,JOURNAL,ARTICLE,データベース学会論文誌,,,
,JOURNAL,ARTICLE,ヒューマンインタフェース学会論文誌,,,
,JOURNAL,ARTICLE,芸術科学会論文誌,,,
,JOURNAL,ARTICLE,滋賀論叢 (岡部昭二教授退官記念論文集),,,
,JOURNAL,ARTICLE,情報科学技術レターズ,,,
,JOURNAL,ARTICLE,情報技術レターズ,,,
,JOURNAL,ARTICLE,情報処理学会 論文誌,,,
,JOURNAL,ARTICLE,"情報処理学会マルチメディア, 分散, 協調とモバイル シンポジウム",DICOMO,,
,JOURNAL,ARTICLE,人工知能学会 論文誌,,,
,JOURNAL,ARTICLE,"田中 克己, 西尾 章治郎(編): オブジェクト指向コンピューティングI(論文選集), レクチャーノート/ソフトウェア学 4, 近代科学社",,,
,JOURNAL,ARTICLE,電気学会誌C部門論文誌,,,
,JOURNAL,ARTICLE,電気学会論文誌,,,
,JOURNAL,ARTICLE,電子情報処理学会論文誌,,,
,JOURNAL,ARTICLE,電子情報通信学会 論文誌,,,
,JOURNAL,ARTICLE,日本ソフトウェア科学会 論文誌,,,
,JOURNAL,ARTICLE,日本データベース学会 Letters,,,
,JOURNAL,ARTICLE,日本データベース学会 論文誌,,,
,JOURNAL,ARTICLE,日本バーチャルリアリティ学会 論文誌,,,
,JOURNAL,ARTICLE,日本ロボット学会誌,,,
,BOOK,BOOK,Adaptive Mobile Computing: Advances in Processing Mobile Data Sets (Chapter 3),,,
,BOOK,BOOK,Advancements in Distributed Computing and Internet Technologies: Trends and Issues,,,
,BOOK,BOOK,"Book Chapter (Chapter II-1), Wireless Sensor Network Technologies for Information Explosion Era (Book Series: Studies in Computational Intelligence), Springer-Verlag",,,
,BOOK,BOOK,"Book Chapter (Chapter III-3), Wireless Sensor Network Technologies for Information Explosion Era (Book Series: Studies in Computational Intelligence), Springer-Verlag",,,
,BOOK,BOOK,"Book Series: Studies in Computational Intelligence,Springer-Verlag",,,
,BOOK,BOOK,"Book Series:Springer Optimization and Its Applications,Springer-Verlag",,,
,BOOK,BOOK,"Communication and Collaboration Support Systems (Eds. Okada, K., Hoshi, T., and Inoue, T.)",,,
,BOOK,BOOK,"Distributed Networks: Intelligence, Security, and Applications (Chapter 2), CRC Press, Taylor and Francis",,,
,BOOK,BOOK,Handbook on Mobile Ad Hoc and Pervasive Communications,,,
,BOOK,BOOK,"Handheld Computing for Mobile Commerce:Applications, Concepts and Technologies,IGI Global",,,
,BOOK,BOOK,ICガイドブック　未来を創る！半導体,,,
,BOOK,BOOK,Modelling and Proceedingsssing for Next Generation Big-Data Technologies,,,
,BOOK,BOOK,Smart Sensors Networks: Communication Technologies and Intelligent Applications (Series: Intelligent Data Centric Systems),,,
,BOOK,BOOK,Springer-Verlag,,,
,BOOK,BOOK,"Using Cross-Layer Techniques for Communication Systems, IGI GlobalUsing Cross-Layer Techniques for Communication Systems: Techniques and Applications",,,
,BOOK,BOOK,オーム社,,,
,BOOK,BOOK,マイドームおおさか,,,
,BOOK,BOOK,わたしの整理術 (岩波アクティブ新書),岩波アクティブ新書,,
,BOOK,BOOK,共立出版,,,
,BOOK,BOOK,三田出版会大阪事務所,,,
,BOOK,BOOK,大阪大学工学部データベース委員会,,,
,KEYNOTE,INPROCEEDINGS_DOMESTIC,(社)生産技術振興協会/大阪大学生産技術研究会,,,
,KEYNOTE,INPROCEEDINGS_DOMESTIC,「IT連携フォーラムOACIS」第11回シンポジウム,,,
,CONF_DOMESTIC_NO_REVIEW,INPROCEEDINGS_DOMESTIC,『高度データベース』松江ワークショップ講演論文集,,,
,CONF_DOMESTIC_NO_REVIEW,INPROCEEDINGS_DOMESTIC,『高度データベース』諏訪ワークショップ講演論文集,,,
,CONF_DOMESTIC_NO_REVIEW,INPROCEEDINGS_DOMESTIC,『高度データベース』東京ワークショップ講演論文集,,,
,CONF_DOMESTIC_NO_REVIEW,INPROCEEDINGS_DOMESTIC,『知識科学の最前線』シンポジウム論文集,,,
,KEYNOTE,INPROCEEDINGS_DOMESTIC,1993年度 人工知能学会全国大会 (第7回) チュートリアル講演テキスト,,,
,CONF_DOMESTIC_NO_REVIEW,INPROCEEDINGS_DOMESTIC,IEICE DE研究会,,,
,CONF_NATIONAL,INPROCEEDINGS_DOMESTIC,IPSJ情報処理学会 全国大会,,,
,CONF_DOMESTIC_NO_REVIEW,INPROCEEDINGS_DOMESTIC,JC/OLU/ITRC シンポジウム論文集,,,
,CONF_DOMESTIC_NO_REVIEW,INPROCEEDINGS_DOMESTIC,NLP若手の会 (YANS) シンポジウム,YANS,,
,AWARD,INPROCEEDINGS_DOMESTIC,Webとデータベースに関するフォーラム,WebDB Forum,,
,CONF_DOMESTIC_NO_REVIEW,INPROCEEDINGS_DOMESTIC,インターネット技術研究委員会 シンポジウム論文集,ITRC,,
,CONF_DOMESTIC_NO_REVIEW,INPROCEEDINGS_DOMESTIC,ウェアラブルコンピューティング研究会 研究報告,,,
,CONF_DOMESTIC_NO_REVIEW,INPROCEEDINGS_DOMESTIC,エンタテインメントコンピューティング,,,
,CONF_DOMESTIC_NO_REVIEW,INPROCEEDINGS_DOMESTIC,システム制御情報学会研究発表講演会,SCI,,
,CONF_DOMESTIC_NO_REVIEW,INPROCEEDINGS_DOMESTIC,ソーシャルコンピューティングシンポジウム,SoC,,
,CONF_DOMESTIC_NO_REVIEW,INPROCEEDINGS_DOMESTIC,データ工学と情報マネジメントに関するフォーラム,DEIM,,
,CONF_DOMESTIC_NO_REVIEW,INPROCEEDINGS_DOMESTIC,バイオロギングシンポジウム,,,
,CONF_DOMESTIC_NO_REVIEW,INPROCEEDINGS_DOMESTIC,ヒューマンインタフェースシンポジウム 論文集,HIS,,
,CONF_DOMESTIC_NO_REVIEW,INPROCEEDINGS_DOMESTIC,モバイルコンピューティングとユビキタス通信研究会,,,
,CONF_DOMESTIC_NO_REVIEW,INPROCEEDINGS_DOMESTIC,ユビキタス・ウェアラブルワークショップ,UWW,,
,CONF_DOMESTIC_NO_REVIEW,INPROCEEDINGS_DOMESTIC,ロボティクス・メカトロニクス 講演会,,,
,CONF_NATIONAL,INPROCEEDINGS_DOMESTIC,映像情報メディア学会 冬季大会論文集,,,
,CONF_DOMESTIC_NO_REVIEW,INPROCEEDINGS_DOMESTIC,映像情報メディア学会技術報告,,,
,CONF_NATIONAL,INPROCEEDINGS_DOMESTIC,画像電子学会 年次大会予稿集,,,
,AWARD,INPROCEEDINGS_DOMESTIC,関西データベースワークショップ2017,,,
,CONF_DOMESTIC_NO_REVIEW,INPROCEEDINGS_DOMESTIC,計測自動制御学会システムインテグレーション部門講演会,,,
,CONF_DOMESTIC_NO_REVIEW,INPROCEEDINGS_DOMESTIC,言語処理学会 年次大会,NLP,,
,CONF_DOMESTIC_NO_REVIEW,INPROCEEDINGS_DOMESTIC,高度データベース』諏訪ワークショップ講演論文集,,,
,CONF_DOMESTIC_NO_REVIEW,INPROCEEDINGS_DOMESTIC,重点領域研究「自律分散システム」全体講演会論文集,,,
,CONF_NATIONAL,INPROCEEDINGS_DOMESTIC,情報科学技術フォーラム,FIT,,
,CONF_DOMESTIC,INPROCEEDINGS_DOMESTIC,情報処理学会 Webとデータベースに関するフォーラム,WebDB Forum,,
,CONF_DOMESTIC,INPROCEEDINGS_DOMESTIC,情報処理学会 アドバンストデータベースシステムシンポジウム,ADS,,
,CONF_DOMESTIC_NO_REVIEW,INPROCEEDINGS_DOMESTIC,情報処理学会 アドバンストデータベースシステムシンポジウム予稿集,,,
,CONF_DOMESTIC,INPROCEEDINGS_DOMESTIC,情報処理学会 インタラクション,Interaction,,
,CONF_DOMESTIC,INPROCEEDINGS_DOMESTIC,情報処理学会 グループウェアとネットワークサービスワークショップ,GNWS,,
,CONF_DOMESTIC_NO_REVIEW,INPROCEEDINGS_DOMESTIC,情報処理学会 グループウェアとネットワークサービスワークショップ 論文集,,,
,AWARD,INPROCEEDINGS_DOMESTIC,情報処理学会 データベースシステム研究会,,,
,CONF_DOMESTIC_NO_REVIEW,INPROCEEDINGS_DOMESTIC,情報処理学会 データベースシステム研究会報告,,,
,CONF_DOMESTIC,INPROCEEDINGS_DOMESTIC,情報処理学会 データベースとWeb情報システムに関するシンポジウム,DBWeb,,
,AWARD,INPROCEEDINGS_DOMESTIC,"情報処理学会 マルチメディア, 分散, 協調とモバイル シンポジウム",DICOMO,,
,AWARD,INPROCEEDINGS_DOMESTIC,情報処理学会 マルチメディア通信と分散処理ワークショップ,DPSWS,,
,CONF_DOMESTIC,INPROCEEDINGS_DOMESTIC,情報処理学会 マルチメディア通信と分散処理ワークショップ,DPSWS,,
,CONF_DOMESTIC_NO_REVIEW,INPROCEEDINGS_DOMESTIC,情報処理学会 モバイルコンピューティングとパーベイシブシステム研究会,,,
,AWARD,INPROCEEDINGS_DOMESTIC,情報処理学会 ユビキタスコンピューティングシステム研究会,,,
,CONF_DOMESTIC_NO_REVIEW,INPROCEEDINGS_DOMESTIC,情報処理学会 ユビキタスコンピューティングシステム研究会,,,
,CONF_DOMESTIC_NO_REVIEW,INPROCEEDINGS_DOMESTIC,情報処理学会 夏のプログラミングシンポジウム,,,
,CONF_NATIONAL,INPROCEEDINGS_DOMESTIC,情報処理学会 関西支部支部大会 講演論文集,,,
,CONF_DOMESTIC_NO_REVIEW,INPROCEEDINGS_DOMESTIC,情報処理学会 研究報告,,,
,CONF_DOMESTIC,INPROCEEDINGS_DOMESTIC,情報処理学会 情報アクセスシンポジウム,IAS,,
,CONF_NATIONAL,INPROCEEDINGS_DOMESTIC,情報処理学会 全国大会 講演論文集,,,
,CONF_DOMESTIC_NO_REVIEW,INPROCEEDINGS_DOMESTIC,情報処理学会 分散処理とマルチメディア通信研究会報告,,,
,CONF_DOMESTIC_NO_REVIEW,INPROCEEDINGS_DOMESTIC,情報処理学会 放送コンピューティング研究グループ研究会 研究報告,,,
,KEYNOTE,INPROCEEDINGS_DOMESTIC,情報処理学会第52回全国大会ミニ・シンポジウム インダストリアル セッション論文集,,,
,KEYNOTE,INPROCEEDINGS_DOMESTIC,"情報処理学会第75回全国大会, 司会",,,
,KEYNOTE,INPROCEEDINGS_DOMESTIC,情報処理学会第75回全国大会招待講演,,,
,KEYNOTE,INPROCEEDINGS_DOMESTIC,情報処理学会連続セミナー 第5回『ネットワーク・コンピューティング』,,,
,CONF_DOMESTIC_NO_REVIEW,INPROCEEDINGS_DOMESTIC,情報論的学習理論と機械学習研究会,,,
,CONF_NATIONAL,INPROCEEDINGS_DOMESTIC,人工知能学会 全国大会,,,
,CONF_NATIONAL,INPROCEEDINGS_DOMESTIC,人工知能学会 全国大会 論文集,,,
,CONF_DOMESTIC_NO_REVIEW,INPROCEEDINGS_DOMESTIC,人工知能学会 知識ベースシステム研究会資料,,,
,KEYNOTE,INPROCEEDINGS_DOMESTIC,全サイバーメディアセンターシンポジウム,,,
,KEYNOTE,INPROCEEDINGS_DOMESTIC,大学基礎講座チュートリアル,,,
,KEYNOTE,INPROCEEDINGS_DOMESTIC,大阪大学ゆらぎプロジェクトシンポジウム,,,
,AWARD,INPROCEEDINGS_DOMESTIC,第160回データベースシステム研究会,,,
,AWARD,INPROCEEDINGS_DOMESTIC,第16回情報科学技術フォーラム,FIT,,
,KEYNOTE,INPROCEEDINGS_DOMESTIC,第１回人文・社会科学系研究推進フォーラム,,,
,KEYNOTE,INPROCEEDINGS_DOMESTIC,第2回日立総研Knowledge Sparks Forum,,,
,KEYNOTE,INPROCEEDINGS_DOMESTIC,第69回情報処理学会全国大会 特別セッション(4),,,
,KEYNOTE,INPROCEEDINGS_DOMESTIC,第69回情報処理学会全国大会 特別セッション(5),,,
,KEYNOTE,INPROCEEDINGS_DOMESTIC,第6回データ工学と情報マネジメントに関するフォーラム・特別セッション(2)クラウドソーシング企画第2段「クラウドソーシングがDB研究に何をもたらすか？」講演,,,
,KEYNOTE,INPROCEEDINGS_DOMESTIC,第6回データ工学と情報マネジメントに関するフォーラム(DEIM2013),,,
,CONF_DOMESTIC_NO_REVIEW,INPROCEEDINGS_DOMESTIC,知識の自己組織化と専門用語シンポジウム予稿集,,,
,CONF_DOMESTIC_NO_REVIEW,INPROCEEDINGS_DOMESTIC,知能情報・高度情報処理シンポジウム論文集,,,
,CONF_DOMESTIC_NO_REVIEW,INPROCEEDINGS_DOMESTIC,地理情報システム学会 空間IT分科会 空間ITワークショップ,,,
,CONF_DOMESTIC_NO_REVIEW,INPROCEEDINGS_DOMESTIC,電気学会 情報システム研究会,,,
,CONF_DOMESTIC_NO_REVIEW,INPROCEEDINGS_DOMESTIC,電気学会研究会資料,,,
,CONF_DOMESTIC_NO_REVIEW,INPROCEEDINGS_DOMESTIC,電気関係学会北陸支部連合大会予稿集,,,
,CONF_NATIONAL,INPROCEEDINGS_DOMESTIC,電子情報通信学会,,,
,CONF_DOMESTIC_NO_REVIEW,INPROCEEDINGS_DOMESTIC,電子情報通信学会 Webインテリジェンスとインタラクション研究会,,,
,CONF_DOMESTIC,INPROCEEDINGS_DOMESTIC,電子情報通信学会 データ工学ワークショップ,DEWS,,
,CONF_DOMESTIC_NO_REVIEW,INPROCEEDINGS_DOMESTIC,電子情報通信学会 データ工学研究会報告,,,
,KEYNOTE,INPROCEEDINGS_DOMESTIC,電子情報通信学会 パターン認識・メディア理解研究会(PRMU),,,
,CONF_DOMESTIC_NO_REVIEW,INPROCEEDINGS_DOMESTIC,電子情報通信学会 技術研究報告,,,
,CONF_NATIONAL,INPROCEEDINGS_DOMESTIC,電子情報通信学会 総合大会 講演論文集,,,
,KEYNOTE,INPROCEEDINGS_DOMESTIC,電子情報通信学会 第4回アドホックネットワークワークショップ特別講演,,,
,CONF_DOMESTIC_NO_REVIEW,INPROCEEDINGS_DOMESTIC,電子情報通信学会 第二種研究会技術研究報告 (Webインテリジェンスとインタラクション研究会),,,
,CONF_DOMESTIC_NO_REVIEW,INPROCEEDINGS_DOMESTIC,電子情報通信学会 第二種研究会技術研究報告 (センサネットワーク研究会),,,
,KEYNOTE,INPROCEEDINGS_DOMESTIC,電子情報通信学会 知的環境とセンサネットワーク研究会(ASN),,,
,KEYNOTE,INPROCEEDINGS_DOMESTIC,電子情報通信学会アドホックネットワーク研究会(AN),,,
,KEYNOTE,INPROCEEDINGS_DOMESTIC,電子情報通信学会北海道支部講演会,,,
,CONF_DOMESTIC,INPROCEEDINGS_DOMESTIC,日本ソフトウェア科学会 インタラクティブシステムとソフトウェアに関するワークショップ,WISS,,
,CONF_NATIONAL,INPROCEEDINGS_DOMESTIC,日本ソフトウェア科学会 インタラクティブシステムとソフトウェアに関するワークショップ,,,
,CONF_DOMESTIC,INPROCEEDINGS_DOMESTIC,日本ソフトウェア科学会 オブジェクト指向計算ワークショップ,WOOC,,
,CONF_DOMESTIC,INPROCEEDINGS_DOMESTIC,日本ソフトウェア科学会 プログラミングや応用のシステムに関するワークショップ,SPA,,
,CONF_NATIONAL,INPROCEEDINGS_DOMESTIC,日本ソフトウェア科学会,,,
,CONF_DOMESTIC_NO_REVIEW,INPROCEEDINGS_DOMESTIC,日本バーチャルリアリティ学会 研究報告 (サイバースペースと仮想都市研究会),,,
,CONF_NATIONAL,INPROCEEDINGS_DOMESTIC,日本バーチャルリアリティ学会 研究報告 サイ バースペースと仮想都市研究会,,,
,CONF_NATIONAL,INPROCEEDINGS_DOMESTIC,日本バーチャルリアリティ学会 大会論文集,,,
,KEYNOTE,INPROCEEDINGS_DOMESTIC,日本学術会議 第5回情報学シンポジウム,,,
,KEYNOTE,INPROCEEDINGS_DOMESTIC,日本学術会議公開シンポジウム「ICTを生かした社会デザインと人材育成(実践編)」,,,
,KEYNOTE,INPROCEEDINGS_DOMESTIC,日本学術会議第1回情報学シンポジウム,,,
,KEYNOTE,INPROCEEDINGS_DOMESTIC,平成23年電気関係学会関西連合大会,,,
,INTPROC,INPROCEEDINGS_INTERNATIONAL,21st International C. elegans Conference,,,
,AWARD,INPROCEEDINGS_INTERNATIONAL,Asian Conference on Information Systems,ACIS,,
,KEYNOTE,INPROCEEDINGS_INTERNATIONAL,Computer Entertainment Developers Conference (CEDEC2012),,,
,KEYNOTE,INPROCEEDINGS_INTERNATIONAL,IEEE International Conference on Advanced Information Networking and Applications (AINA 2014),,,
,AWARD,INPROCEEDINGS_INTERNATIONAL,IEEE International Conference on Mobile Data Management,MDM,,
,AWARD,INPROCEEDINGS_INTERNATIONAL,IEEE International Conference on Pervasive Computing and Communications,PerCom,,
,AWARD,INPROCEEDINGS_INTERNATIONAL,IEEE International Conference on Wireless and Mobile Computing,,,
,AWARD,INPROCEEDINGS_INTERNATIONAL,"Proceedings of International Conference on Ambient System, Network and Technologies",ANT,,
,AWARD,INPROCEEDINGS_INTERNATIONAL,International Conference on Mobile Computing and Ubiquitous Networking,ICMU,,
,AWARD,INPROCEEDINGS_INTERNATIONAL,International Conference on Mobile Data Management,MDM,,
,AWARD,INPROCEEDINGS_INTERNATIONAL,"International Conference on P2P, Parallel, Grid, Cloud and Internet Computing",3PGCIC,,
,KEYNOTE,INPROCEEDINGS_INTERNATIONAL,International Workshop on Informatics (IWIN 2016),,,
,KEYNOTE,INPROCEEDINGS_INTERNATIONAL,"International Workshop on Mobile Information Retrieval for Future (MIRF 2011), Invited Talk",,,
,KEYNOTE,INPROCEEDINGS_INTERNATIONAL,International Workshop on Information Communication Technology Theory and Practice towards u-World,,,
,KEYNOTE,INPROCEEDINGS_INTERNATIONAL,Korea Multimedia Society Autumn Conference,,,
,KEYNOTE,INPROCEEDINGS_INTERNATIONAL,PerCom 2017 Workshop on Annotation of useR Data for UbiquitOUs Systems (ARDUOUS2017),,,
,KEYNOTE,INPROCEEDINGS_INTERNATIONAL,PRAGMA11 Workshop,,,
,INTPROC,INPROCEEDINGS_INTERNATIONAL,Proceedings of AAAI Conference on Artificial Intelligence,AAAI,,
,INTPROC,INPROCEEDINGS_INTERNATIONAL,Proceedings of AAAI Workshop on Knowledge Discovery in Databases,KDD,,
,INTPROC,INPROCEEDINGS_INTERNATIONAL,Proceedings of ACM Asian Internet Engineering Conference,AINTEC,,
,INTPROC,INPROCEEDINGS_INTERNATIONAL,Proceedings of ACM International Conference on Advances in Mobile Computing and Multimedia,MoMM,,
,INTPROC,INPROCEEDINGS_INTERNATIONAL,Proceedings of ACM International Conference on Distributed and Event-Based Systems,DEBS,,
,INTPROC,INPROCEEDINGS_INTERNATIONAL,Proceedings of ACM International Conference on Information and Knowledge Management,CIKM,,
,INTPROC,INPROCEEDINGS_INTERNATIONAL,Proceedings of ACM International Conference on Multimedia,MM,,
,INTPROC,INPROCEEDINGS_INTERNATIONAL,Proceedings of ACM International Conference on Nanoscale Computing and Communication,NanoCom,,
,INTPROC,INPROCEEDINGS_INTERNATIONAL,Proceedings of ACM International Workshop on Multimedia Databases,MMDB,,
,INTPROC,INPROCEEDINGS_INTERNATIONAL,Proceedings of ACM Symposium on Applied Computing,SAC,,
,INTPROC,INPROCEEDINGS_INTERNATIONAL,Proceedings of ACM User Interface Software and Technology Symposium,UIST,,
,INTPROC,INPROCEEDINGS_INTERNATIONAL,Proceedings of ACS/IEEE International Conference on Computer Systems and Applications,AICCSA,,
,INTPROC,INPROCEEDINGS_INTERNATIONAL,Proceedings of Asia Information Retrieval Societies Conference,AIRS,,
,INTPROC,INPROCEEDINGS_INTERNATIONAL,Proceedings of Asia Pacific Web Conference,APWeb,,
,INTPROC,INPROCEEDINGS_INTERNATIONAL,Proceedings of Asia-Pacific Microwave Conference,APMC,,
,INTPROC,INPROCEEDINGS_INTERNATIONAL,Proceedings of Asian Conference on Information Systems,ACIS,,
,INTPROC,INPROCEEDINGS_INTERNATIONAL,Proceedings of Asian International Mobile Computing Conference,AMOC,,
,INTPROC,INPROCEEDINGS_INTERNATIONAL,Proceedings of Asian Thermophysical Properties Conference,ATPC,,
,INTPROC,INPROCEEDINGS_INTERNATIONAL,Proceedings of Brazilian Symposium on Databases,SBBD,,
,INTPROC,INPROCEEDINGS_INTERNATIONAL,Proceedings of Computer Security Symposium,CSS,,
,INTPROC,INPROCEEDINGS_INTERNATIONAL,Proceedings of Conference on Empirical Methods in Natural Language Processing,EMNLP,,
,INTPROC,INPROCEEDINGS_INTERNATIONAL,Proceedings of EAI International Conference on Bio-inspired Information and Communications Technologies,BICT,,
,INTPROC,INPROCEEDINGS_INTERNATIONAL,Proceedings of European Conference on Ambient Intelligence,Aml,,
,INTPROC,INPROCEEDINGS_INTERNATIONAL,Proceedings of FTRA Intrnational Conference on Advanced IT engineering and Management,AIM,,
,INTPROC,INPROCEEDINGS_INTERNATIONAL,Proceedings of IASTED International Conference on ACIT-Software Engineering,ACIT-SE,,
,INTPROC,INPROCEEDINGS_INTERNATIONAL,Proceedings of IASTED International Conference on Advances in Communications,AIC,,
,INTPROC,INPROCEEDINGS_INTERNATIONAL,"Proceedings of IASTED International Conference on Communications, Internet and Information Technology",CIIT,,
,INTPROC,INPROCEEDINGS_INTERNATIONAL,Proceedings of IASTED International Conference on Internet and Multimedia Systems and Applications,EuroIMSA,,
,INTPROC,INPROCEEDINGS_INTERNATIONAL,Proceedings of IEEE and ACM International Symposium on Mixed and Augmented Reality,ISMAR,,
,INTPROC,INPROCEEDINGS_INTERNATIONAL,"Proceedings of IEEE Communications Society Conference on Sensor, Mesh and Ad Hoc Communications and Networks",SECON,,
,INTPROC,INPROCEEDINGS_INTERNATIONAL,Proceedings of IEEE Consumer Communications and Networking Conference,CCNC,,
,INTPROC,INPROCEEDINGS_INTERNATIONAL,Proceedings of IEEE Global Communication Conference,GLOBECOM,,
,INTPROC,INPROCEEDINGS_INTERNATIONAL,Proceedings of IEEE Global Conference on Consumer Electronics,GCCE,,
,INTPROC,INPROCEEDINGS_INTERNATIONAL,"Proceedings of IEEE International COMPSAC Workshop on Security, Trust and Privacy for Software Applications",STPSA,,
,INTPROC,INPROCEEDINGS_INTERNATIONAL,"Proceedings of IEEE International Computers, Software and Applications Conference",COMPSA,,
,INTPROC,INPROCEEDINGS_INTERNATIONAL,Proceedings of IEEE International Conference on Advanced Information Networking and Applications,AINA,,
,INTPROC,INPROCEEDINGS_INTERNATIONAL,Proceedings of IEEE International Conference on Big Data,BigData,,
,INTPROC,INPROCEEDINGS_INTERNATIONAL,Proceedings of IEEE International Conference on Computer Communications,INFOCOM,,
,INTPROC,INPROCEEDINGS_INTERNATIONAL,"Proceedings of IEEE International Conference on Computing, Networking and Communications",ICNC,,
,INTPROC,INPROCEEDINGS_INTERNATIONAL,Proceedings of IEEE International Conference on Data Engineering,ICDE,,
,INTPROC,INPROCEEDINGS_INTERNATIONAL,Proceedings of IEEE International Conference on Distributed Computing Systems,ICDCS,,
,INTPROC,INPROCEEDINGS_INTERNATIONAL,Proceedings of IEEE International Conference on E-Commerce Technology,CEC,,
,INTPROC,INPROCEEDINGS_INTERNATIONAL,Proceedings of IEEE International Conference on Emerging Technologies and Factory Automation,ETFA,,
,INTPROC,INPROCEEDINGS_INTERNATIONAL,"Proceedings of IEEE International Conference on Intelligent Sensors, Sensor Networks and Information Processing",ISSNIP,,
,INTPROC,INPROCEEDINGS_INTERNATIONAL,Proceedings of IEEE International Conference on Mechatronics and Automation,ICMA,,
,INTPROC,INPROCEEDINGS_INTERNATIONAL,Proceedings of IEEE International Conference on Mobile Data Management,MDM,,
,INTPROC,INPROCEEDINGS_INTERNATIONAL,Proceedings of IEEE International Conference on Parallel and Distributed Systems,ICPADS,,
,INTPROC,INPROCEEDINGS_INTERNATIONAL,Proceedings of IEEE International Conference on Pervasive Computing and Communications,PerCom,,
,INTPROC,INPROCEEDINGS_INTERNATIONAL,Proceedings of IEEE International Conference on Pervasive Services,ICPS,,
,INTPROC,INPROCEEDINGS_INTERNATIONAL,Proceedings of IEEE International Conference on Semantic Computing,ICSC,,
,INTPROC,INPROCEEDINGS_INTERNATIONAL,"Proceedings of IEEE International Conference on Sensing, Communication and Networking",SECON,,
,KEYNOTE,INPROCEEDINGS_INTERNATIONAL,"Proceedings of IEEE International Conference on Sensor Networks, Ubiquitous, and Trustworthy Computing (SUTC 2010), Invited Talk",,,
,INTPROC,INPROCEEDINGS_INTERNATIONAL,Proceedings of IEEE International Symposium on Intelligent Signal Processing and Communication Systems,ISPACS,,
,INTPROC,INPROCEEDINGS_INTERNATIONAL,Proceedings of IEEE International Symposium on Local and Metropolitan Area Networks,LANMAN,,
,INTPROC,INPROCEEDINGS_INTERNATIONAL,Proceedings of IEEE International Symposium on Mining and Web,MAW,,
,INTPROC,INPROCEEDINGS_INTERNATIONAL,Proceedings of IEEE International Symposium on Networks Computing and Applications,NCA,,
,INTPROC,INPROCEEDINGS_INTERNATIONAL,Proceedings of IEEE International Workshop on Enablers for Ubiquitous Computing and Smart Services,EUCASS,,
,INTPROC,INPROCEEDINGS_INTERNATIONAL,Proceedings of IEEE International Workshop on Signal Processing Advances in Wireless Communications,SPAWC,,
,INTPROC,INPROCEEDINGS_INTERNATIONAL,Proceedings of IEEE International Workshops on Multimedia Network Systems,MMNS,,
,INTPROC,INPROCEEDINGS_INTERNATIONAL,"Proceedings of IEEE Pacific Rim Conference on Communications, Computers and Signal Processing",PACRIM,,
,INTPROC,INPROCEEDINGS_INTERNATIONAL,Proceedings of IEEE Region 10 Conference,TENCON,,
,INTPROC,INPROCEEDINGS_INTERNATIONAL,Proceedings of IEEE Virtual Reality,VR,,
,INTPROC,INPROCEEDINGS_INTERNATIONAL,Proceedings of IEEE Wireless Communications and Networking Conference,WCNC,,
,INTPROC,INPROCEEDINGS_INTERNATIONAL,Proceedings of IEEE Workshop on Internet Applications,WIAPP,,
,INTPROC,INPROCEEDINGS_INTERNATIONAL,Proceedings of IEEE/IPSJ International Symposium on Applications and the Internet,SAINT,,
,INTPROC,INPROCEEDINGS_INTERNATIONAL,Proceedings of IEEE/WIC/ACM International Conference on Web Intelligence,WI,,
,INTPROC,INPROCEEDINGS_INTERNATIONAL,Proceedings of IFIP/IEEE International Conference on Mobile and Wireless Communication Networks,MWCN,,
,INTPROC,INPROCEEDINGS_INTERNATIONAL,Proceedings of IFIP/IEEE International Workshop on Broadband Convergence Networks,BcN,,
,INTPROC,INPROCEEDINGS_INTERNATIONAL,Proceedings of Innovations in Information Technology,IIT,,
,INTPROC,INPROCEEDINGS_INTERNATIONAL,Proceedings of International ACM SIGIR Conference on Research and Development in Information Retrieval,SIGIR,,
,INTPROC,INPROCEEDINGS_INTERNATIONAL,Proceedings of International C. elegans Conference,,,
,INTPROC,INPROCEEDINGS_INTERNATIONAL,Proceedings of International Computer Music Conference,ICMC,,
,INTPROC,INPROCEEDINGS_INTERNATIONAL,Proceedings of International Conference on Active Media Technology,AMT,,
,INTPROC,INPROCEEDINGS_INTERNATIONAL,Proceedings of International Conference on Advanced Computing and Communications,ADCOM,,
,INTPROC,INPROCEEDINGS_INTERNATIONAL,Proceedings of International Conference on Advanced Multimedia Content Processing,AMCP,,
,INTPROC,INPROCEEDINGS_INTERNATIONAL,Proceedings of International Conference on Advances in Geographic Information Systems,GIS,,
,INTPROC,INPROCEEDINGS_INTERNATIONAL,Proceedings of International Conference on Advances in P2P Systems,AP2PS,,
,INTPROC,INPROCEEDINGS_INTERNATIONAL,"Proceedings of International Conference on Ambient Systems, Networks and Technologies",ANT,,
,INTPROC,INPROCEEDINGS_INTERNATIONAL,"Proceedings of International Conference on Broadband and Wireless Computing, Communication and Applications",BWCCA,,
,INTPROC,INPROCEEDINGS_INTERNATIONAL,Proceedings of International Conference on Building and Sharing of Very Large-Scale Knowledge Bases,KB,,
,INTPROC,INPROCEEDINGS_INTERNATIONAL,"Proceedings of International Conference on Communication, Computing and Control Applications",CCCA,,
,INTPROC,INPROCEEDINGS_INTERNATIONAL,Proceedings of International Conference on Communications,ICC,,
,INTPROC,INPROCEEDINGS_INTERNATIONAL,Proceedings of International Conference on Communications and Networking in China,Chinacom,,
,INTPROC,INPROCEEDINGS_INTERNATIONAL,"Proceedings of International Conference on Complex, Intelligent and Software Intensive Systems",CISIS,,
,INTPROC,INPROCEEDINGS_INTERNATIONAL,Proceedings of International Conference on Computer Applications in Industry and Engineering,CAINE,,
,INTPROC,INPROCEEDINGS_INTERNATIONAL,Proceedings of International Conference on Computer Communications and Networks,ICCCN,,
,INTPROC,INPROCEEDINGS_INTERNATIONAL,Proceedings of International Conference on Computers in Education,ICCE,,
,INTPROC,INPROCEEDINGS_INTERNATIONAL,Proceedings of International Conference on Cooperative Information Systems,CooplS,,
,INTPROC,INPROCEEDINGS_INTERNATIONAL,Proceedings of International Conference on Database and Expert Systems Applications,DEXA,,
,INTPROC,INPROCEEDINGS_INTERNATIONAL,Proceedings of International Conference on Database Systems for Advanced Applications,DASFAA,,
,INTPROC,INPROCEEDINGS_INTERNATIONAL,Proceedings of International Conference on Deductive and Object-Oriented Databases,DOOD,,
,INTPROC,INPROCEEDINGS_INTERNATIONAL,Proceedings of International Conference on Digital Information Management,ICDIM,,
,INTPROC,INPROCEEDINGS_INTERNATIONAL,Proceedings of International Conference on Distributed Computing in Sensor Systems,DCOSS,,
,INTPROC,INPROCEEDINGS_INTERNATIONAL,Proceedings of International Conference on Embedded and Ubiquitous Computing,EUC,,
,INTPROC,INPROCEEDINGS_INTERNATIONAL,Proceedings of International Conference on Entertainment Computing,ICEC,,
,INTPROC,INPROCEEDINGS_INTERNATIONAL,Proceedings of International Conference on Extending Database Technology,EDBT,,
,INTPROC,INPROCEEDINGS_INTERNATIONAL,Proceedings of International Conference on Foundations of Data Organization,FODO,,
,INTPROC,INPROCEEDINGS_INTERNATIONAL,Proceedings of International Conference on Green Communications and Networking,GreeNets,,
,INTPROC,INPROCEEDINGS_INTERNATIONAL,Proceedings of International Conference on Human-Computer Interaction,HCI,,
,INTPROC,INPROCEEDINGS_INTERNATIONAL,"Proceedings of International Conference on Industrial Engineering Theory, Applications, and Practice",IJIE,,
,INTPROC,INPROCEEDINGS_INTERNATIONAL,Proceedings of International Conference on Information Integration and Web-based Applications and Services,iiWAS,,
,INTPROC,INPROCEEDINGS_INTERNATIONAL,Proceedings of International Conference on Information Networking,ICOIN,,
,INTPROC,INPROCEEDINGS_INTERNATIONAL,Proceedings of International Conference on Information Systems and Databases,ISDB,,
,INTPROC,INPROCEEDINGS_INTERNATIONAL,Proceedings of international Conference on Mobile Ad-hoc and Sensor Networks,MSN,,
,INTPROC,INPROCEEDINGS_INTERNATIONAL,Proceedings of International Conference on Mobile and Ubiquitous Multimedia,MUM,,
,INTPROC,INPROCEEDINGS_INTERNATIONAL,"Proceedings of International Conference on Mobile and Ubiquitous Systems: Computing, Networking and Services",MOBIQUITOUS,,
,INTPROC,INPROCEEDINGS_INTERNATIONAL,Proceedings of International Conference on Mobile Computing and Networking,Mobicom,,
,INTPROC,INPROCEEDINGS_INTERNATIONAL,Proceedings of International Conference on Mobile Computing and Ubiquitous Networking,ICMU,,
,INTPROC,INPROCEEDINGS_INTERNATIONAL,"Proceedings of International Conference on Mobile Systems, Applications and Services",MobiSys,,
,INTPROC,INPROCEEDINGS_INTERNATIONAL,Proceedings of International Conference on Multimedia Expo,ICME,,
,INTPROC,INPROCEEDINGS_INTERNATIONAL,Proceedings of International Conference on Multimedia Modeling,MMM,,
,INTPROC,INPROCEEDINGS_INTERNATIONAL,Proceedings of International Conference on Network Protocols,ICNP,,
,INTPROC,INPROCEEDINGS_INTERNATIONAL,Proceedings of International Conference on Network-Based Information Systems,NBiS,,
,KEYNOTE,INPROCEEDINGS_INTERNATIONAL,Proceedings of International Conference on Network-Based Information Systems (NBiS 2010),,,
,INTPROC,INPROCEEDINGS_INTERNATIONAL,Proceedings of International Conference on Networked Computing and Advanced Information Management,NCM,,
,INTPROC,INPROCEEDINGS_INTERNATIONAL,Proceedings of International Conference on Networked Sensing Systems,INSS,,
,INTPROC,INPROCEEDINGS_INTERNATIONAL,Proceedings of International Conference on New Interfaces for Musical Expression,NIME,,
,INTPROC,INPROCEEDINGS_INTERNATIONAL,"Proceedings of International Conference on P2P, Parallel, Grid, Cloud and Internet Computing",3PGCIC,,
,INTPROC,INPROCEEDINGS_INTERNATIONAL,Proceedings of International Conference on Pervasive Computing,Pervasive,,
,INTPROC,INPROCEEDINGS_INTERNATIONAL,Proceedings of International Conference on Scientific and Statistical Database Management,SSDBM,,
,INTPROC,INPROCEEDINGS_INTERNATIONAL,Proceedings of International Conference on Ubiquitous Information Management and Communication,IMCOM,,
,INTPROC,INPROCEEDINGS_INTERNATIONAL,Proceedings of International Conference on Very Large Data Bases,VLDB,,
,INTPROC,INPROCEEDINGS_INTERNATIONAL,Proceedings of International Conference on Web Information System Engineering,WISE,,
,INTPROC,INPROCEEDINGS_INTERNATIONAL,Proceedings of International Cross-disciplinary Workshop on Web Accessibility,W4A,,
,INTPROC,INPROCEEDINGS_INTERNATIONAL,Proceedings of International ICST Conference on Body Area Networks,BodyNets,,
,INTPROC,INPROCEEDINGS_INTERNATIONAL,Proceedings of International International Conference on Advances in Information Systems,ADVIS,,
,INTPROC,INPROCEEDINGS_INTERNATIONAL,Proceedings of International Joint Conference on Pervasive and Ubiquitous Computing,UbiComp,,
,INTPROC,INPROCEEDINGS_INTERNATIONAL,Proceedings of International Semantic Search Workshop,SemSearch,,
,INTPROC,INPROCEEDINGS_INTERNATIONAL,Proceedings of International Special Workshop on Databases for Next Generation Researchers,SWOD,,
,INTPROC,INPROCEEDINGS_INTERNATIONAL,Proceedings of International Stability and Technology Conference,SWIIS,,
,INTPROC,INPROCEEDINGS_INTERNATIONAL,Proceedings of International Symposium on Advanced Database Technologies and Their Integration,ADTI,,
,INTPROC,INPROCEEDINGS_INTERNATIONAL,Proceedings of International Symposium on Cooperative Database Systems for Advanced Applications,CODAS,,
,INTPROC,INPROCEEDINGS_INTERNATIONAL,Proceedings of International Symposium on Database Applications in Non-Traditional Environments,DANTE,,
,INTPROC,INPROCEEDINGS_INTERNATIONAL,"Proceedings of International Symposium on Database, Web, and Cooperative Systems",DWACOS,,
,INTPROC,INPROCEEDINGS_INTERNATIONAL,Proceedings of International Symposium on Digital Media Information Base,DMIB,,
,INTPROC,INPROCEEDINGS_INTERNATIONAL,Proceedings of International Symposium on Distributed Computing and Artificial Intelligence,DCAI,,
,INTPROC,INPROCEEDINGS_INTERNATIONAL,Proceedings of International Symposium on Frontiers in Networking with Applications,FINA,,
,INTPROC,INPROCEEDINGS_INTERNATIONAL,Proceedings of International Symposium on Reliable Distributed Systems,SRDS,,
,INTPROC,INPROCEEDINGS_INTERNATIONAL,Proceedings of International Symposium on Ubiquitous Computing Systems,UCS,,
,INTPROC,INPROCEEDINGS_INTERNATIONAL,Proceedings of International Symposium on Wearable Computers,ISWC,,
,INTPROC,INPROCEEDINGS_INTERNATIONAL,Proceedings of International Symposium on Wireless Pervasive Computing,ISWPC,,
,INTPROC,INPROCEEDINGS_INTERNATIONAL,"Proceedings of International Technical Conference on Circuits/Systems, Computers and Communications",ITC-CSCC,,
,INTPROC,INPROCEEDINGS_INTERNATIONAL,Proceedings of International Wikimedia Conference,Wikimania,,
,INTPROC,INPROCEEDINGS_INTERNATIONAL,Proceedings of International Wireless Communications and Mobile Computing Conference,IWCMC,,
,INTPROC,INPROCEEDINGS_INTERNATIONAL,Proceedings of International Wireless Internet Conference,WICON,,
,INTPROC,INPROCEEDINGS_INTERNATIONAL,Proceedings of International Workchop on Smart Appliances and Wearable Computing,IWSAWC,,
,INTPROC,INPROCEEDINGS_INTERNATIONAL,Proceedings of International Workshop for Ubiquitous Networking and Enablers to Context-Aware Services,UNECAS,,
,INTPROC,INPROCEEDINGS_INTERNATIONAL,Proceedings of International Workshop on Advanced Distributed and Parallel Network Applications,ADPNA,,
,INTPROC,INPROCEEDINGS_INTERNATIONAL,Proceedings of International Workshop on Advanced Sensor Integration Technology,ASIT,,
,INTPROC,INPROCEEDINGS_INTERNATIONAL,Proceedings of International Workshop on Advances in Data Engineering and Mobile Computing,DEMoC,,
,INTPROC,INPROCEEDINGS_INTERNATIONAL,Proceedings of International Workshop on Ambient Information Technologies,AMBIT,,
,INTPROC,INPROCEEDINGS_INTERNATIONAL,Proceedings of International Workshop on Biologically Inspired Approaches to Advanced Information,Bio-ADIT,,
,INTPROC,INPROCEEDINGS_INTERNATIONAL,"Proceedings of International Workshop on Crowd Assisted Sensing, Pervasive Systems and Communications",CASPer,,
,INTPROC,INPROCEEDINGS_INTERNATIONAL,Proceedings of International Workshop on Data Management for Information Explosion in Wireless Networks,DMIEW,,
,INTPROC,INPROCEEDINGS_INTERNATIONAL,Proceedings of International Workshop on Data Management for Wireless and Pervasive Communications,DMWPC,,
,INTPROC,INPROCEEDINGS_INTERNATIONAL,Proceedings of International Workshop on Data Management in Global Data Repositories,GRep,,
,INTPROC,INPROCEEDINGS_INTERNATIONAL,Proceedings of International Workshop on Enablers for Ubiquitous and Context-Aware Services on Sensor Networks,EUCASS,,
,INTPROC,INPROCEEDINGS_INTERNATIONAL,Proceedings of International Workshop on Entertainment Computing,IWEC,,
,INTPROC,INPROCEEDINGS_INTERNATIONAL,Proceedings of International Workshop on Future Mobile and Ubiquitous Information Technologies,FMUIT,,
,INTPROC,INPROCEEDINGS_INTERNATIONAL,Proceedings of International Workshop on Future Technologies for Smart Information Systems,FTSIS,,
,INTPROC,INPROCEEDINGS_INTERNATIONAL,"Proceedings of International Workshop on Heterogeneous, Multi-Hop, Wireless and Mobile Networks",HeterWMN,,
,INTPROC,INPROCEEDINGS_INTERNATIONAL,Proceedings of International Workshop on Informatics,IWIN,,
,INTPROC,INPROCEEDINGS_INTERNATIONAL,"Proceedings of International Workshop on Information Search, Integration, and Personalization",ISIP,,
,INTPROC,INPROCEEDINGS_INTERNATIONAL,Proceedings of International Workshop on Intelligent,,,
,INTPROC,INPROCEEDINGS_INTERNATIONAL,Proceedings of International Workshop on Managing Context Information and Semantics in Mobile Environments,MCISME,,
,INTPROC,INPROCEEDINGS_INTERNATIONAL,Proceedings of International Workshop on Mobile Agents for Telecommunication Applications,MATA,,
,INTPROC,INPROCEEDINGS_INTERNATIONAL,Proceedings of International Workshop on Mobile Collaborative Crowdsourcing and Sensing,M-CROS,,
,INTPROC,INPROCEEDINGS_INTERNATIONAL,Proceedings of International Workshop on Mobile Distributed Computing,MDC,,
,KEYNOTE,INPROCEEDINGS_INTERNATIONAL,"Proceedings of International Workshop on Mobile P2P Data Management, Security and Trust (M-PDMST'10), Invited Talk",,,
,INTPROC,INPROCEEDINGS_INTERNATIONAL,Proceedings of International Workshop on Mobility in Databases and Distributed Systems,MDDS,,
,INTPROC,INPROCEEDINGS_INTERNATIONAL,Proceedings of International Workshop on Multi-Dimensional Mobile Communications,MDMC,,
,INTPROC,INPROCEEDINGS_INTERNATIONAL,Proceedings of International Workshop on Multimedia Information Systems,MIS,,
,INTPROC,INPROCEEDINGS_INTERNATIONAL,"Proceedings of International Workshop on P2P Data Management, Security and Trust",PDMST,,
,INTPROC,INPROCEEDINGS_INTERNATIONAL,Proceedings of International Workshop on Pervasive Wireless Networking,PWN,,
,INTPROC,INPROCEEDINGS_INTERNATIONAL,Proceedings of International Workshop on Protocols for Multimedia Systems,PROMS,,
,INTPROC,INPROCEEDINGS_INTERNATIONAL,Proceedings of International Workshop on Quality of Service,IWQoS,,
,INTPROC,INPROCEEDINGS_INTERNATIONAL,Proceedings of International Workshop on Quality of Service in Multiservice IP Networks,QoS-IP,,
,INTPROC,INPROCEEDINGS_INTERNATIONAL,Proceedings of International Workshop on Scalable Semantic Web Knowledge Base Systems,SSWS,,
,INTPROC,INPROCEEDINGS_INTERNATIONAL,Proceedings of International Workshop on Sensor Network Technologies for Information Explosion Era,SeNTIE,,
,INTPROC,INPROCEEDINGS_INTERNATIONAL,Proceedings of International Workshop on Smart Home,IWSH,,
,INTPROC,INPROCEEDINGS_INTERNATIONAL,Proceedings of International Workshop on Smart Object Systems,SOBS,,
,INTPROC,INPROCEEDINGS_INTERNATIONAL,Proceedings of International Workshop on Streaming Media Delivery and Management Systems,SMDMS,,
,INTPROC,INPROCEEDINGS_INTERNATIONAL,Proceedings of International Workshop on the Cyberinfrastructure for Science and Education,,,
,INTPROC,INPROCEEDINGS_INTERNATIONAL,Proceedings of International Workshop on Tools and Applications for Mobile Contents,TAMC,,
,INTPROC,INPROCEEDINGS_INTERNATIONAL,Proceedings of International Workshop on Ubiquitous Data Management,UDM,,
,INTPROC,INPROCEEDINGS_INTERNATIONAL,Proceedings of International Workshop on Ubiquitous Mobile Information and Collaboration Systems,UMICS,,
,INTPROC,INPROCEEDINGS_INTERNATIONAL,Proceedings of International Workshop on Web Information and Data Management,WIDM,,
,INTPROC,INPROCEEDINGS_INTERNATIONAL,"Proceedings of International Workshop on Wireless Sensor, Actuator, and Robot Networks",WiSARN,,
,INTPROC,INPROCEEDINGS_INTERNATIONAL,Proceedings of International World Wide Web Conference,WWW,,
,INTPROC,INPROCEEDINGS_INTERNATIONAL,Proceedings of ISCA International Conference on Computers and Their Applications,CATA,,
,INTPROC,INPROCEEDINGS_INTERNATIONAL,Proceedings of the International Symposium on Next Generation Database Systems and Their Applications,,,
,INTPROC,INPROCEEDINGS_INTERNATIONAL,Proceedings of User-Contributed Knowledge and Artificial Intelligence,WIKIAI,,
,INTPROC,INPROCEEDINGS_INTERNATIONAL,Proceedings of Workshop on Mobile Big Data,Mobidata,,
,INTPROC,INPROCEEDINGS_INTERNATIONAL,Proceedings of Worldwide Computing and Its Applications,WWCA,,
,KEYNOTE,INPROCEEDINGS_INTERNATIONAL,The Sixth Asian Conference on Information Systems (ACIS 2017),,,
,KEYNOTE,INPROCEEDINGS_INTERNATIONAL,"Tutorial Workshops on Systems Science of Bio-navigation, 2017 IEEE International Conference on Mechatronics and Automation (ICMA 2017)",,,
,KEYNOTE,MISC,"2011 IT EXPO BUSAN Workshop, Invited Talk",,,
,KEYNOTE,MISC,2012年IEEE関西支部総会,,,
,KEYNOTE,MISC,2013年度 情報処理学会関西支部 報告会・記念講演会,,,
,AWARD,MISC,4th International Workshop on Sensor-based Activity Recognition and Interaction,iWoar,,
,AWARD,MISC,ACM,,,
,MISC,MISC,AIセンターだより No. 25,,,
,KEYNOTE,MISC,Asia-Pacific Advanced Network 30th Meeting (APAN),,,
,AWARD,MISC,Award,,,
,MISC,MISC,bit,,,
,MISC,MISC,Computer Today,,,
,MISC,MISC,CQ出版,,,
,MISC,MISC,"Database, 関西データベース協議会",,,
,KEYNOTE,MISC,ICT地域連携セミナー,,,
,KEYNOTE,MISC,INSプラザ(NTT情報文化センタ),,,
,AWARD,MISC,KDDI財団,DEIM,,
,KEYNOTE,MISC,"NETWORLD+INTEROP 97 TOKYO パネル討論座長, Conference Notes (Thursday, June 5, 1997)",,,
,MISC,MISC,NICT Journal,,,
,KEYNOTE,MISC,"NUA 第10回研究会フォーラム基調講演, 全NECユーザー会",,,
,MISC,MISC,Open Network 創刊号,,,
,MISC,MISC,SCIENCE of HUMANITY 39,,,
,KEYNOTE,MISC,"Seminar (Department of Computer Science at Missouri University of Science and Technology, Rolla, MO, USA)",,,
,KEYNOTE,MISC,"Seminar (Microsoft Research Asia, Beijing, China, May 29, 2006)",,,
,KEYNOTE,MISC,"Seminar (Peking University, China, May 30, 2006)",,,
,MISC,MISC,Technical report of Osaka University,,,
,MISC,MISC,インターフェース,,,
,MISC,MISC,オペレーションズ・リサーチ,,,
,MISC,MISC,コンセンサス(全NECユーザー会誌),,,
,MISC,MISC,コンピュートロール 第38号,,,
,MISC,MISC,コンピュートロール 第43号,,,
,MISC,MISC,"システム制御情報学会, システム/制御/情報「アンビエントインテリジェンス技術とその応用」",,,
,MISC,MISC,シミュレーション(日本シミュレーション学会誌),,,
,MISC,MISC,ヒューマンインタフェース学会誌,,,
,KEYNOTE,MISC,メディア科学リサーチセンター設立記念シンポジウム,,,
,KEYNOTE,MISC,リアライズ社 最新技術講座資料集,,,
,KEYNOTE,MISC,ワイヤレス高度情報通信研究会第1回研究会資料,,,
,MISC,MISC,映像情報メディア学会誌,,,
,KEYNOTE,MISC,於 アイシン・エイ・ダブリュ,,,
,KEYNOTE,MISC,於 凸版印刷株式会社,,,
,KEYNOTE,MISC,於 兵庫県立宝塚北高等学校,,,
,MISC,MISC,科学 2002年9月号,,,
,KEYNOTE,MISC,科学技術振興機構研究開発戦略センター講演会,,,
,KEYNOTE,MISC,科学研究費補助金「特定領域研究」情報爆発IT基盤平成18年度成果報告会,,,
,MISC,MISC,関西データベース協議会,,,
,KEYNOTE,MISC,関西データベース協議会 平成7年度 第1回『次世代DBフォーラム』講演論文集,,,
,MISC,MISC,"共通教育だより, No.20",,,
,MISC,MISC,月間DBマガジン1月号(翔泳社),,,
,AWARD,MISC,公益財団法人 立石科学技術振興財団,,,
,MISC,MISC,工学教育,,,
,MISC,MISC,三田出版会 工学部シリーズ,,,
,MISC,MISC,社団法人生産技術振興協会,,,
,KEYNOTE,MISC,住友電設(株)大阪本社会議室,,,
,KEYNOTE,MISC,春の情報処理祭 in 京都,,,
,MISC,MISC,情報・システムソサイエティ誌,,,
,MISC,MISC,情報処理,,,
,MISC,MISC,情報処理(情報処理学会誌),,,
,MISC,MISC,情報処理/解説,,,
,MISC,MISC,情報処理/特集 ビッグデータがもたらす超情報社会 ―すべてを視る情報処理技術：基盤から応用まで―,,,
,MISC,MISC,情報処理/特集 モバイル時代のサービスを支える技術,,,
,AWARD,MISC,情報処理学会,,,
,AWARD,MISC,情報処理学会 全国大会,,,
,MISC,MISC,情報処理学会会誌「日本を元気にするICT」,,,
,MISC,MISC,情報処理学会会誌「未来社会をプロデュースするICT」,,,
,MISC,MISC,情報処理学会研究報告(ヒューマンインタフェース研究会),,,
,MISC,MISC,"情報処理学会研究報告(ヒューマンコ ンピュータインタラクション, 2008-HCI-127)",,,
,AWARD,MISC,情報処理学会平成22年度山下記念研究賞,,,
,AWARD,MISC,情報処理学会論文誌ジャーナル,,,
,MISC,MISC,情報処理学会論文誌デジタルコンテンツ (DCON),,,
,MISC,MISC,情報通信研究機構研究報告,,,
,MISC,MISC,神戸大学総合情報処理センター広報 MAGE,,,
,MISC,MISC,人工知能学会誌,,,
,MISC,MISC,生産と技術,,,
,AWARD,MISC,大阪大学,,,
,MISC,MISC,大阪大学サイバーメディアセンターHPCジャーナル,,,
,MISC,MISC,大阪大学工業会誌テクノネット,,,
,MISC,MISC,大阪大学情報処理教育センター『廣広報』,,,
,MISC,MISC,大阪大学情報処理教育センター『廣報』,,,
,AWARD,MISC,(一財)大阪科学技術センター,,,
,KEYNOTE,MISC,"第9回企業人セミナーテキスト, ワイヤレス 高度情報通信システムの将来展望",,,
,KEYNOTE,MISC,第一回ビジネスedgeセミナー「AIは経営とビジネスモデルにどんなイノベーションを起こすのか」基調講演,,,
,KEYNOTE,MISC,筑波大学知的コミュニティ基盤センター研究談話会(コロキウム),,,
,AWARD,MISC,電気学会,,,
,MISC,MISC,電子情報通信学会誌,,,
,MISC,MISC,電子情報通信学会誌「学会90周年記念特集号」,,,
,MISC,MISC,電子情報通信学会情報・システムソサイエティ誌,,,
,MISC,MISC,電子情報通信学会第6回データ工学ワークショップ(DEWS95)論文集,,,
,KEYNOTE,MISC,東京メガセミナー,,,
,KEYNOTE,MISC,"統合画像データベース構築・活用研究会(ADVANCEコース) 第8回研究会資料, 関西データベース協議会",,,
,KEYNOTE,MISC,特定非営利活動法人ウェアラブルコンピュータ研究開発機構HMDミーティング,,,
,KEYNOTE,MISC,特定非営利活動法人ウェアラブルコンピュータ研究開発機構ウェアラブルコンピューティング交流会,,,
,KEYNOTE,MISC,特定非営利活動法人ウェアラブルコンピュータ研究開発機構第9回定例会,,,
,KEYNOTE,MISC,日本OR学会「情報ネットワーク性能評価」研究会 招待講演,,,
,AWARD,MISC,日本データベース学会,,,
,MISC,MISC,日本バーチャルリアリティ学会誌,,,
,AWARD,MISC,日本学術振興会,,,
,KEYNOTE,MISC,日本学術振興会研究拠点形成事業　第６回国際セミナー「生物多様性と進化：新バイオロギング手法による野生動物研究」,,,
,KEYNOTE,MISC,分子科学研究所所長招聘会議 「未来を拓く学術のあり方：教育と研究」,,,
,AWARD,MISC,文部科学省,,,
,KEYNOTE,MISC,兵庫県下団体連携事業 夏のビッグイベント2006 シンポジウム「ニュービジネスを兵庫から」,,,
,AWARD,MISC,情報処理学会関西支部大会,,,
,MISC,MISC,學鐙 (丸善),,,
,MISC,MISC,澪電,,,
,NEWS,NEWS,(株)毎日コミュニケーションズ Web Designing,,,
,NEWS,NEWS,(財) 日本産業デザイン振興会 デザインニュース 266,,,
,NEWS,NEWS,ASAHIパソコン,,,
,NEWS,NEWS,Cabiネット,,,
,NEWS,NEWS,Daily Yomiuri,,,
,NEWS,NEWS,Hanako,,,
,NEWS,NEWS,IBM USERS,,,
,NEWS,NEWS,MAC POWER,,,
,NEWS,NEWS,MBSテレビ ちちんぷいぷい,,,
,NEWS,NEWS,Nature Interface,,,
,NEWS,NEWS,"Nature Interface,",,,
,NEWS,NEWS,PDAマガジン,,,
,NEWS,NEWS,RINTERS CIRCLE,,,
,NEWS,NEWS,The Neighbor,,,
,NEWS,NEWS,Web Designing,,,
,NEWS,NEWS,Yahoo! BBマガジン,,,
,NEWS,NEWS,YOMIURI PC,,,"2004.8月号, 読売新聞東京本社"
,NEWS,NEWS,オーム社 COMPUTER & NETWORK LAN,,,
,NEWS,NEWS,センイ・ジヤァナル,,,
,NEWS,NEWS,ダイヤモンドLOOP,,,
,NEWS,NEWS,ダイヤモンドループ,,,
,NEWS,NEWS,プレジデント,,,
,NEWS,NEWS,マイナビニュース,,,
,NEWS,NEWS,科学新聞,,,
,NEWS,NEWS,学研「大人の科学マガジン」,,,
,NEWS,NEWS,関塾タイムス,,,
,NEWS,NEWS,技術評論社Mobile Press,,,
,NEWS,NEWS,京大学生新聞,,,
,NEWS,NEWS,京都新聞,,,平成24年5月25日付
,NEWS,NEWS,近未来予測SP第1弾,,,
,NEWS,NEWS,蛍雪時代,,,
,NEWS,NEWS,月刊アスキー,,,
,NEWS,NEWS,阪大ニューズレター,,,
,NEWS,NEWS,産経新聞,,,
,NEWS,NEWS,産經新聞夕刊,,,
,NEWS,NEWS,週刊SPA!,,,
,NEWS,NEWS,週刊アスキー,,,
,NEWS,NEWS,週刊大衆,,,
,NEWS,NEWS,週刊宝島,,,
,NEWS,NEWS,週間アスキー,,,
,NEWS,NEWS,商工ジャーナル,,,
,NEWS,NEWS,繊維新聞,,,
,NEWS,NEWS,大商ニュース,,,
,NEWS,NEWS,中京スポーツ,,,
,NEWS,NEWS,朝日新聞,,,
,NEWS,NEWS,朝日新聞朝刊,,,
,NEWS,NEWS,朝日新聞夕刊,,,
,NEWS,NEWS,朝日新聞夕刊 3面,,,
,NEWS,NEWS,読売新聞,,,
,NEWS,NEWS,日刊スポーツ,,,
,NEWS,NEWS,日経コンピュータ,,,
,NEWS,NEWS,日経ゼロワン,,,
,NEWS,NEWS,日経ネットナビ,,,
,NEWS,NEWS,日経バイオテクONLINE,,,
,NEWS,NEWS,日経ビジネスアソシエ,,,
,NEWS,NEWS,日経産業新聞,,,
,NEWS,NEWS,日本経済新聞,,,
,NEWS,NEWS,日本繊維新聞,,,
,NEWS,NEWS,日本農業新聞,,,
,NEWS,NEWS,博報堂「広告」,,,
,NEWS,NEWS,服飾手帖,,,
,NEWS,NEWS,文教速報,,,
,NEWS,NEWS,文藝春秋,,,
,NEWS,NEWS,北海道新聞,,,
,NEWS,NEWS,毎日新聞,,,
,NEWS,NEWS,夕刊フジ,,,
,INPROC,INPROCEEDINGS_INTERNATIONAL,Proceedings of the Human Interface Symposium,,,
,INPROC,INPROCEEDINGS_INTERNATIONAL,Symposium on ASIA GIS,,,
,INPROC,INPROCEEDINGS_INTERNATIONAL,Proceedings of UASS,,,
,INPROC,INPROCEEDINGS_INTERNATIONAL,Proceedings of HWISE,,,